continent,avg_monthly_cv,max_monthly_cv,peak_season_month,low_season_month,peak_value,low_value,seasonal_amplitude,seasonal_amplitude_pct
Africa,32.10420534606362,59.6488564814664,11,6,0.6011111111111112,0.21200000000000002,0.38911111111111113,183.54297693920333
South America,35.837581289139614,63.05586279442002,8,4,0.4977777777777777,0.1875,0.3102777777777777,165.48148148148144
North America,24.823578961166618,49.570380882398325,8,2,0.5772222222222223,0.26625,0.3109722222222223,116.79707876890978
Asia,24.764497812922986,43.81035837708631,8,6,0.5944444444444444,0.336,0.2584444444444444,76.9179894179894
Europe,25.2154646992433,35.555095105466506,8,12,0.6985185185185185,0.44888888888888895,0.2496296296296296,55.61056105610559
Oceania,15.716906483790305,34.6394745980247,11,5,0.5888888888888889,0.39,0.1988888888888889,50.997150997150996
