continent,num_cities,mean_trend,std_trend,min_trend,max_trend,trend_range,coefficient_of_variation,monthly_range,monthly_std_mean,quarterly_range
South America,1,0.29028846153846155,0.17648926219857275,0.11,1.0,0.89,60.797890919680576,0.89,0.11957018127769621,0.89
Africa,1,0.35951923076923076,0.21003642683463453,0.15,1.0,0.85,58.42147202675044,0.85,0.1363141887087029,0.85
North America,2,0.36802884615384623,0.1665781188970525,0.22,1.0,0.78,45.26224523917298,0.78,0.10550123703371021,0.78
Asia,3,0.42121794871794876,0.15290054329475142,0.21,1.0,0.79,36.29962677519589,0.79,0.11147987082615805,0.79
Europe,6,0.511746794871795,0.1537795424049078,0.25,1.0,0.75,30.049927805299358,0.75,0.13118397221870767,0.75
Oceania,1,0.4677884615384616,0.1059946575936111,0.35,1.0,0.65,22.65867294909672,0.65,0.07791988581912798,0.65
